{
  "decoder": "qector_blossom",
  "grid": {
    "d3_p0.006": [
      0.01685,
      20000,
      337
    ],
    "d3_p0.004": [
      0.00855,
      20000,
      171
    ],
    "d3_p0.008": [
      0.02909165582859881,
      14609,
      425
    ],
    "d3_p0.01": [
      0.0423285456101969,
      10513,
      445
    ],
    "d3_p0.002": [
      0.002,
      20000,
      40
    ],
    "d5_p0.002": [
      0.0003,
      20000,
      6
    ],
    "d5_p0.004": [
      0.00435,
      20000,
      87
    ],
    "d5_p0.006": [
      0.01365,
      20000,
      273
    ],
    "d5_p0.01": [
      0.05644402634054563,
      7441,
      420
    ],
    "d5_p0.008": [
      0.0358845453757476,
      11537,
      414
    ],
    "d7_p0.002": [
      5e-05,
      20000,
      1
    ],
    "d7_p0.004": [
      0.0023,
      20000,
      46
    ],
    "d7_p0.006": [
      0.0093,
      20000,
      186
    ],
    "d7_p0.008": [
      0.031629983069108816,
      12994,
      411
    ],
    "d7_p0.01": [
      0.061819647896788066,
      7441,
      460
    ]
  }
}